{
    "keyframelist" : [
        {
            "time" : 76,
            "look" : {
                "ignore" : false,
                "x" : -0.4511025,
                "y" : -5.7039714e-1,
                "z" : 0.6864063
            },
            "up" : {
                "ignore" : false,
                "x" : -0.3132667,
                "y" : 8.2136905e-1,
                "z" : 4.7667268e-1
            },
            "position" : {
                "ignore" : false,
                "x" : -4313.8833,
                "y" : 50.773174,
                "z" : -3821.9526
            }
        },
        {
            "time" : 79,
            "look" : {
                "ignore" : false,
                "x" : -3.7789163e-1,
                "y" : -1.4378718e-1,
                "z" : 0.9146164
            },
            "up" : {
                "ignore" : false,
                "x" : -5.490652e-2,
                "y" : 9.8960865e-1,
                "z" : 1.3289103e-1
            },
            "position" : {
                "ignore" : false,
                "x" : -4315.1904,
                "y" : 51.86735,
                "z" : -3821.6848
            }
        }
    ]
}
